{
    "error": {
        "returnCode": 0,
        "returnMessage": "OK",
        "returnUserMessage": "OK"
    },
    "data": {
        "list": [
            {
                "id": "1",
                "role_name":"超级管理员",
                "user_amount": "10",
                "perms":["1","2"],
                "perms_text":["超级管理员","管理员"],
                "note":"管理全部",
                "time_create": "1463465978"
            },
            {
                "id": "2",
                "role_name":"管理员",
                "user_amount": "10",
                "perms":["3","4"],
                "perms_text":["超级管理员","管理员"],
                "note":"管理",
                "time_create": "1463465978"
            }
        ],
        "pagination": {
            "amount": 21,
            "page": 1
        }
    }
}